{
    "version": "2.0.0",
    "tasks": [
        {
            "label": "build",
            "type": "shell",
            "command": "g++",
            "args": [
                "-g",
                "${workspaceFolder}/Encryption.cpp",
                "-o",
                "${workspaceFolder}/encryption"
            ],
            "group": {
                "kind": "build",
                "isDefault": true
            },
            "problemMatcher": [ "$gcc" ],
            "detail": "Generated task by debugging."
        }
    ]
}
